{"000009.SZ": 0.9011317996765605, "000012.SZ": 0.7308501751800216, "000021.SZ": 0.791133512469351, "000027.SZ": 0.43878594708091057, "000031.SZ": 0.8153663365416394, "000039.SZ": 0.8503084802868902, "000050.SZ": 0.20150968877479217, "000060.SZ": 0.5039931836315746, "000062.SZ": 0.5024923113863777, "000089.SZ": 0.17359416565256644, "000155.SZ": 0.6651352443834755, "000156.SZ": 0.678204566662448, "000400.SZ": 0.8824351711448415, "000401.SZ": 0.30189158726386817, "000402.SZ": 0.899286976465299, "000415.SZ": 0.26774646500626675, "000513.SZ": 0.8955529363986879, "000519.SZ": 0.7040243584939868, "000537.SZ": 0.7749608920884911, "000540.SZ": 0.9084362390870506, "000547.SZ": 0.6930492997899893, "000553.SZ": -0.31456569171794, "000559.SZ": 0.24719527737048952, "000563.SZ": 0.7109092624823271, "000581.SZ": 0.7859071329063471, "000591.SZ": 0.7151520973724645, "000598.SZ": -0.10204562169172016, "000623.SZ": 0.12352408707669138, "000629.SZ": 0.36967698058183807, "000630.SZ": 0.9297512725128729, "000636.SZ": 0.8794869323047037, "000656.SZ": 0.5464495799557538, "000683.SZ": 0.8420878576999115, "000703.SZ": 0.41339424502366173, "000709.SZ": 0.6265919855094867, "000728.SZ": 0.7896213891496568, "000729.SZ": 0.47110634875754687, "000738.SZ": 0.8900572944703685, "000739.SZ": 0.803559730176993, "000750.SZ": 0.8768410043096174, "000778.SZ": 0.6405325223190845, "000783.SZ": 0.8270557241324645, "000785.SZ": 0.7233140249660815, "000807.SZ": 0.9330483205568529, "000825.SZ": 0.8935290974599525, "000830.SZ": 0.770392908698643, "000831.SZ": 0.9122542307584982, "000869.SZ": 0.3275036430153508, "000878.SZ": 0.6139737393623639, "000883.SZ": 0.7582811274391649, "000887.SZ": 0.7906893681116361, "000898.SZ": 0.8977386082510728, "000930.SZ": 0.08203713560506383, "000932.SZ": 0.8243924246785403, "000937.SZ": 0.9696643076861279, "000959.SZ": 0.8492792634272611, "000960.SZ": 0.8649225403829447, "000961.SZ": 0.7885402091446986, "000967.SZ": 0.4148065270009857, "000970.SZ": 0.7009294820543658, "000975.SZ": 0.37011886778471, "000987.SZ": 0.45402825333198954, "000988.SZ": 0.7926288284504642, "000990.SZ": -0.18498358949238464, "000997.SZ": 0.6115204825562189, "000998.SZ": 0.2132086554860289, "000999.SZ": 0.0218205718032712, "001203.SZ": 0.5765494175227379, "001227.SZ": 0.8538871800911148, "001872.SZ": 0.5243513752537742, "001914.SZ": 0.013049185398653627, "002002.SZ": 0.23913522866667672, "002010.SZ": 0.6493197780552683, "002019.SZ": 0.6891401596523452, "002025.SZ": 0.899441391230035, "002028.SZ": 0.9347030702560479, "002030.SZ": 0.8708367082015193, "002048.SZ": 0.7628702959386237, "002056.SZ": 0.8189190257422265, "002065.SZ": 0.6966399104397808, "002078.SZ": 0.747240445078582, "002080.SZ": 0.7772843926768859, "002081.SZ": 0.543313719676309, "002092.SZ": 0.4697810209655044, "002110.SZ": 0.5292471394652907, "002124.SZ": 0.7951552164091416, "002127.SZ": 0.6422440795463855, "002128.SZ": 0.886948996524384, "002131.SZ": 0.6194718415517468, "002138.SZ": 0.8969609859238199, "002146.SZ": 0.9066780353200311, "002152.SZ": 0.7594423580547047, "002153.SZ": 0.5669118736424836, "002155.SZ": 0.7252515660099503, "002156.SZ": 0.8474682720809148, "002183.SZ": 0.46924458478241465, "002185.SZ": 0.9226971867221313, "002191.SZ": 0.3311267201307514, "002192.SZ": 0.9344117699578188, "002195.SZ": -0.009072336992366006, "002203.SZ": 0.7092156826700748, "002212.SZ": 0.8932333003564746, "002221.SZ": 0.6707145757684838, "002223.SZ": 0.755718321221732, "002242.SZ": 0.7856582458829806, "002244.SZ": -0.4170424847407076, "002249.SZ": 0.794557948635588, "002250.SZ": 0.5892009493564104, "002266.SZ": -0.020802802056090683, "002268.SZ": -0.006327982471040124, "002273.SZ": 0.7308585186244766, "002281.SZ": 0.7528734665820271, "002294.SZ": 0.5070314886454509, "002299.SZ": 0.8148642548684187, "002326.SZ": 0.8213931137547583, "002340.SZ": 0.887266083217647, "002353.SZ": 0.7484199210351918, "002368.SZ": 0.7378980381567749, "002372.SZ": 0.6172558063068535, "002373.SZ": 0.8394325353990914, "002384.SZ": 0.6709056667249144, "002385.SZ": 0.8234617243450947, "002396.SZ": 0.6270980748658783, "002399.SZ": -0.10605989406963871, "002407.SZ": 0.9345479667638336, "002408.SZ": 0.8961937941407293, "002409.SZ": 0.9291154750299118, "002416.SZ": -0.4140987856265407, "002422.SZ": -0.4541141061194756, "002423.SZ": 0.5590917117181319, "002429.SZ": 0.8605439713625118, "002430.SZ": 0.8121734712119485, "002434.SZ": 0.6481226262181993, "002439.SZ": 0.8532440599424364, "002444.SZ": 0.8900716972888658, "002465.SZ": 0.3457675431988276, "002468.SZ": 0.2410036244162053, "002497.SZ": 0.968450994660571, "002500.SZ": 0.9301265119714145, "002505.SZ": 0.47104531989758286, "002506.SZ": -0.5192801346506002, "002507.SZ": 0.7811297038586232, "002508.SZ": 0.8599915442139356, "002511.SZ": 0.8389473799951539, "002531.SZ": 0.9142570020291232, "002532.SZ": 0.7597021477694347, "002557.SZ": 0.8849143792395799, "002563.SZ": 0.5578942828383613, "002568.SZ": 0.9328639410840972, "002572.SZ": 0.7285487131865697, "002595.SZ": 0.8471156983683561, "002603.SZ": 0.4999728430042812, "002624.SZ": 0.710822394377016, "002625.SZ": 0.8852382697651325, "002653.SZ": 0.6771991055869797, "002670.SZ": 0.594238134583723, "002673.SZ": 0.8663939506933023, "002683.SZ": 0.49852969589566876, "002690.SZ": 0.5616396594357914, "002701.SZ": 0.6396897632432675, "002705.SZ": 0.8465530155502573, "002738.SZ": 0.7732562837104204, "002739.SZ": 0.5116686799561748, "002745.SZ": 0.19724022874463648, "002797.SZ": 0.7779224524881018, "002831.SZ": 0.582683252210523, "002850.SZ": 0.9478791150271381, "002867.SZ": -0.18411620903670436, "002901.SZ": 0.6918472081623314, "002925.SZ": 0.47930368451841715, "002926.SZ": 0.7259120122329746, "002936.SZ": 0.37769495857167873, "002939.SZ": 0.7921192472644338, "002945.SZ": 0.17725461691835684, "002948.SZ": 0.5459119342869653, "002958.SZ": 0.4125515992497354, "002966.SZ": -0.028409056958058843, "002985.SZ": 0.73356397149398, "003035.SZ": -0.03009191178407537, "300001.SZ": 0.4993121051555869, "300003.SZ": 0.24957169335518264, "300009.SZ": 0.8531174606770515, "300012.SZ": 0.9159614382246956, "300017.SZ": 0.1125446071894424, "300024.SZ": -0.5161832777766872, "300026.SZ": 0.4389582669524871, "300037.SZ": 0.9373566639541493, "300058.SZ": 0.5228285858978664, "300070.SZ": 0.9006993440060403, "300072.SZ": 0.8909012480662523, "300073.SZ": 0.9683260220749104, "300088.SZ": 0.7808898211187347, "300115.SZ": 0.8128227892829127, "300136.SZ": 0.1647267786805124, "300144.SZ": 0.605770187831484, "300146.SZ": 0.7575406820321722, "300168.SZ": 0.654277042158998, "300182.SZ": 0.5359952895892931, "300212.SZ": 0.9157021090316373, "300244.SZ": 0.9216129578324715, "300251.SZ": 0.7845743243366391, "300253.SZ": 0.8811859288238972, "300257.SZ": 0.7039553507130657, "300285.SZ": 0.9278418818146051, "300296.SZ": -0.048872811142174316, "300308.SZ": 0.7479203731681161, "300357.SZ": 0.864101608428764, "300363.SZ": 0.6445751546318756, "300373.SZ": 0.6950534351242437, "300376.SZ": 0.8152185680808537, "300383.SZ": 0.7607758081974926, "300390.SZ": 0.9379329748520926, "300418.SZ": 0.8342024727539901, "300463.SZ": 0.7947818100338673, "300474.SZ": 0.8473588980097864, "300482.SZ": 0.8352029100680879, "300558.SZ": 0.876442404277735, "300568.SZ": 0.9440969253002992, "300604.SZ": 0.5566598589164551, "300618.SZ": 0.20474942687471243, "300630.SZ": 0.7817281493608021, "300676.SZ": 0.6432186694446721, "300677.SZ": 0.8660351617707097, "300682.SZ": 0.16203940302956363, "300699.SZ": 0.9198248667717027, "300724.SZ": 0.8419006890533467, "300741.SZ": 0.382876247729118, "300776.SZ": 0.7882411678571281, "300832.SZ": 0.645697714878311, "300850.SZ": 0.9411922795151058, "300861.SZ": 0.2379829354887737, "300866.SZ": 0.6112944103944263, "300869.SZ": 0.7100633517664027, "300888.SZ": 0.5727658006725372, "301029.SZ": 0.7872488302028969, "600006.SH": 0.8840462350989128, "600008.SH": 0.9201023271237458, "600021.SH": 0.7017693314702564, "600022.SH": 0.9391896383993497, "600026.SH": -0.029308855933146534, "600027.SH": 0.49331871355034407,